,model,high_cardinality_threshold,corr_threshold,use_rf_selector,n_components,train_accuracy,train_auroc,train_recall,train_specificity,train_f1,val_accuracy,val_auroc,val_recall,val_specificity,val_f1
2,SVC rbf,10,1,False,10,0.6603174603174603,0.6252955581827394,0.2903225806451613,0.900523560209424,0.4022346368715084,0.59,0.4844006568144499,0.14285714285714285,0.9137931034482759,0.22641509433962262
3,SVC sigmoid,10,1,False,10,0.6126984126984127,0.52402465799696,0.12096774193548387,0.9319371727748691,0.19736842105263158,0.57,0.5361247947454845,0.11904761904761904,0.896551724137931,0.18867924528301885
0,SVC linear,10,1,False,10,0.6222222222222222,0.4473484208748522,0.056451612903225805,0.9895287958115183,0.10526315789473684,0.61,0.5539819376026272,0.07142857142857142,1.0,0.13333333333333333
1,SVC poly,10,1,False,10,0.6412698412698413,0.37563333896301293,0.13709677419354838,0.9685863874345549,0.23129251700680273,0.55,0.5747126436781609,0.047619047619047616,0.9137931034482759,0.08163265306122448
